
=== v_emails_latest snapshot for domain: outreach.io ===
email	name	title	verify_status	icp_score	source_url
hr@outreach.io					https://www.outreach.io/company/contact
pr@outreach.io					https://www.outreach.io/company/contact
security@outreach.io					https://www.outreach.io/company/contact
u003ehr@outreach.io					https://www.outreach.io/company/contact
u003epr@outreach.io					https://www.outreach.io/company/contact
u003esecurity@outreach.io					https://www.outreach.io/company/contact

(people_fts not present; skipping search backend check)

=== v_emails_latest snapshot for domain: clari.com ===
email	name	title	verify_status	icp_score	source_url
e.rosenbower@clari.com	Eric Rosenbower				https://clari.com/team
eric-rosenbower@clari.com	Eric Rosenbower				https://clari.com/team
eric.r@clari.com	Eric Rosenbower				https://clari.com/team
eric.rosenbower@clari.com	Eric Rosenbower				https://clari.com/team
eric@clari.com	Eric Rosenbower				https://clari.com/team
eric_rosenbower@clari.com	Eric Rosenbower				https://clari.com/team
ericr@clari.com	Eric Rosenbower				https://clari.com/team
ericrosenbower@clari.com	Eric Rosenbower				https://clari.com/team
erosenbower@clari.com	Eric Rosenbower				https://clari.com/team
fisher.kevin@clari.com	Kevin Fisher				https://clari.com/team
fisher@clari.com	Kevin Fisher				https://clari.com/team
fisherk@clari.com	Kevin Fisher				https://clari.com/team
fisherkevin@clari.com	Kevin Fisher				https://clari.com/team
fkevin@clari.com	Kevin Fisher				https://clari.com/team
fkylie@clari.com	Kylie Fuentes				https://clari.com/team
fuentes.kylie@clari.com	Kylie Fuentes				https://clari.com/team
fuentes@clari.com	Kylie Fuentes				https://clari.com/team
fuentesk@clari.com	Kylie Fuentes				https://clari.com/team
fuenteskylie@clari.com	Kylie Fuentes				https://clari.com/team
j.wedge@clari.com	Jay Wedge				https://clari.com/team
jay-wedge@clari.com	Jay Wedge				https://clari.com/team
jay.w@clari.com	Jay Wedge				https://clari.com/team
jay.wedge@clari.com	Jay Wedge				https://clari.com/team
jay@clari.com	Jay Wedge				https://clari.com/team
jay_wedge@clari.com	Jay Wedge				https://clari.com/team
jayw@clari.com	Jay Wedge				https://clari.com/team
jaywedge@clari.com	Jay Wedge				https://clari.com/team
jwedge@clari.com	Jay Wedge				https://clari.com/team
k.fisher@clari.com	Kevin Fisher				https://clari.com/team
k.fuentes@clari.com	Kylie Fuentes				https://clari.com/team
k.yao@clari.com	Kevin Yao				https://clari.com/team
kevin-fisher@clari.com	Kevin Fisher				https://clari.com/team
kevin-yao@clari.com	Kevin Yao				https://clari.com/team
kevin.f@clari.com	Kevin Fisher				https://clari.com/team
kevin.fisher@clari.com	Kevin Fisher				https://clari.com/team
kevin.y@clari.com	Kevin Yao				https://clari.com/team
kevin.yao@clari.com	Kevin Yao				https://clari.com/team
kevin@clari.com	Kevin Fisher				https://clari.com/team
kevin_fisher@clari.com	Kevin Fisher				https://clari.com/team
kevin_yao@clari.com	Kevin Yao				https://clari.com/team
kevinf@clari.com	Kevin Fisher				https://clari.com/team
kevinfisher@clari.com	Kevin Fisher				https://clari.com/team
keviny@clari.com	Kevin Yao				https://clari.com/team
kevinyao@clari.com	Kevin Yao				https://clari.com/team
kfisher@clari.com	Kevin Fisher				https://clari.com/team
kfuentes@clari.com	Kylie Fuentes				https://clari.com/team
kyao@clari.com	Kevin Yao				https://clari.com/team
kylie-fuentes@clari.com	Kylie Fuentes				https://clari.com/team
kylie.f@clari.com	Kylie Fuentes				https://clari.com/team
kylie.fuentes@clari.com	Kylie Fuentes				https://clari.com/team
kylie@clari.com	Kylie Fuentes				https://clari.com/team
kylie_fuentes@clari.com	Kylie Fuentes				https://clari.com/team
kylief@clari.com	Kylie Fuentes				https://clari.com/team
kyliefuentes@clari.com	Kylie Fuentes				https://clari.com/team
reric@clari.com	Eric Rosenbower				https://clari.com/team
rosenbower.eric@clari.com	Eric Rosenbower				https://clari.com/team
rosenbower@clari.com	Eric Rosenbower				https://clari.com/team
rosenbowere@clari.com	Eric Rosenbower				https://clari.com/team
rosenbowereric@clari.com	Eric Rosenbower				https://clari.com/team
wedge.jay@clari.com	Jay Wedge				https://clari.com/team
wedge@clari.com	Jay Wedge				https://clari.com/team
wedgej@clari.com	Jay Wedge				https://clari.com/team
wedgejay@clari.com	Jay Wedge				https://clari.com/team
wjay@clari.com	Jay Wedge				https://clari.com/team
yao.kevin@clari.com	Kevin Yao				https://clari.com/team
yao@clari.com	Kevin Yao				https://clari.com/team
yaok@clari.com	Kevin Yao				https://clari.com/team
yaokevin@clari.com	Kevin Yao				https://clari.com/team
ykevin@clari.com	Kevin Yao				https://clari.com/team

(people_fts not present; skipping search backend check)

=== v_emails_latest snapshot for domain: chargebee.com ===
email	name	title	verify_status	icp_score	source_url
b.clark@chargebee.com	Brian Clark	President, Go-to-Market			https://www.chargebee.com/company
bclark@chargebee.com	Brian Clark	President, Go-to-Market			https://www.chargebee.com/company
beach.mike@chargebee.com	Mike Beach	CFO			https://www.chargebee.com/company
beach@chargebee.com	Mike Beach	CFO			https://www.chargebee.com/company
beachm@chargebee.com	Mike Beach	CFO			https://www.chargebee.com/company
beachmike@chargebee.com	Mike Beach	CFO			https://www.chargebee.com/company
bmike@chargebee.com	Mike Beach	CFO			https://www.chargebee.com/company
brian-clark@chargebee.com	Brian Clark	President, Go-to-Market			https://www.chargebee.com/company
brian.c@chargebee.com	Brian Clark	President, Go-to-Market			https://www.chargebee.com/company
brian.clark@chargebee.com	Brian Clark	President, Go-to-Market			https://www.chargebee.com/company
brian@chargebee.com	Brian Clark	President, Go-to-Market			https://www.chargebee.com/company
brian_clark@chargebee.com	Brian Clark	President, Go-to-Market			https://www.chargebee.com/company
brianc@chargebee.com	Brian Clark	President, Go-to-Market			https://www.chargebee.com/company
brianclark@chargebee.com	Brian Clark	President, Go-to-Market			https://www.chargebee.com/company
cbrian@chargebee.com	Brian Clark	President, Go-to-Market			https://www.chargebee.com/company
cdenis@chargebee.com	Denis Curran	Chief Legal Officer			https://www.chargebee.com/company
clark.brian@chargebee.com	Brian Clark	President, Go-to-Market			https://www.chargebee.com/company
clark@chargebee.com	Brian Clark	President, Go-to-Market			https://www.chargebee.com/company
clarkb@chargebee.com	Brian Clark	President, Go-to-Market			https://www.chargebee.com/company
clarkbrian@chargebee.com	Brian Clark	President, Go-to-Market			https://www.chargebee.com/company
curran.denis@chargebee.com	Denis Curran	Chief Legal Officer			https://www.chargebee.com/company
curran@chargebee.com	Denis Curran	Chief Legal Officer			https://www.chargebee.com/company
currand@chargebee.com	Denis Curran	Chief Legal Officer			https://www.chargebee.com/company
currandenis@chargebee.com	Denis Curran	Chief Legal Officer			https://www.chargebee.com/company
d.curran@chargebee.com	Denis Curran	Chief Legal Officer			https://www.chargebee.com/company
dcurran@chargebee.com	Denis Curran	Chief Legal Officer			https://www.chargebee.com/company
denis-curran@chargebee.com	Denis Curran	Chief Legal Officer			https://www.chargebee.com/company
denis.c@chargebee.com	Denis Curran	Chief Legal Officer			https://www.chargebee.com/company
denis.curran@chargebee.com	Denis Curran	Chief Legal Officer			https://www.chargebee.com/company
denis@chargebee.com	Denis Curran	Chief Legal Officer			https://www.chargebee.com/company
denis_curran@chargebee.com	Denis Curran	Chief Legal Officer			https://www.chargebee.com/company
denisc@chargebee.com	Denis Curran	Chief Legal Officer			https://www.chargebee.com/company
deniscurran@chargebee.com	Denis Curran	Chief Legal Officer			https://www.chargebee.com/company
k.subramanian@chargebee.com	Krish Subramanian	CEO & Co-founder			https://www.chargebee.com/company
krish-subramanian@chargebee.com	Krish Subramanian	CEO & Co-founder			https://www.chargebee.com/company
krish.s@chargebee.com	Krish Subramanian	CEO & Co-founder			https://www.chargebee.com/company
krish.subramanian@chargebee.com	Krish Subramanian	CEO & Co-founder			https://www.chargebee.com/company
krish@chargebee.com	Krish Subramanian	CEO & Co-founder			https://www.chargebee.com/company
krish_subramanian@chargebee.com	Krish Subramanian	CEO & Co-founder			https://www.chargebee.com/company
krishs@chargebee.com	Krish Subramanian	CEO & Co-founder			https://www.chargebee.com/company
krishsubramanian@chargebee.com	Krish Subramanian	CEO & Co-founder			https://www.chargebee.com/company
ksubramanian@chargebee.com	Krish Subramanian	CEO & Co-founder			https://www.chargebee.com/company
m.beach@chargebee.com	Mike Beach	CFO			https://www.chargebee.com/company
mbeach@chargebee.com	Mike Beach	CFO			https://www.chargebee.com/company
mike-beach@chargebee.com	Mike Beach	CFO			https://www.chargebee.com/company
mike.b@chargebee.com	Mike Beach	CFO			https://www.chargebee.com/company
mike.beach@chargebee.com	Mike Beach	CFO			https://www.chargebee.com/company
mike@chargebee.com	Mike Beach	CFO			https://www.chargebee.com/company
mike_beach@chargebee.com	Mike Beach	CFO			https://www.chargebee.com/company
mikeb@chargebee.com	Mike Beach	CFO			https://www.chargebee.com/company
mikebeach@chargebee.com	Mike Beach	CFO			https://www.chargebee.com/company
r.santhanam@chargebee.com	Rajaraman Santhanam	CPO & Co-founder			https://www.chargebee.com/company
rajaraman-santhanam@chargebee.com	Rajaraman Santhanam	CPO & Co-founder			https://www.chargebee.com/company
rajaraman.s@chargebee.com	Rajaraman Santhanam	CPO & Co-founder			https://www.chargebee.com/company
rajaraman.santhanam@chargebee.com	Rajaraman Santhanam	CPO & Co-founder			https://www.chargebee.com/company
rajaraman@chargebee.com	Rajaraman Santhanam	CPO & Co-founder			https://www.chargebee.com/company
rajaraman_santhanam@chargebee.com	Rajaraman Santhanam	CPO & Co-founder			https://www.chargebee.com/company
rajaramans@chargebee.com	Rajaraman Santhanam	CPO & Co-founder			https://www.chargebee.com/company
rajaramansanthanam@chargebee.com	Rajaraman Santhanam	CPO & Co-founder			https://www.chargebee.com/company
rsanthanam@chargebee.com	Rajaraman Santhanam	CPO & Co-founder			https://www.chargebee.com/company
santhanam.rajaraman@chargebee.com	Rajaraman Santhanam	CPO & Co-founder			https://www.chargebee.com/company
santhanam@chargebee.com	Rajaraman Santhanam	CPO & Co-founder			https://www.chargebee.com/company
santhanamr@chargebee.com	Rajaraman Santhanam	CPO & Co-founder			https://www.chargebee.com/company
santhanamrajaraman@chargebee.com	Rajaraman Santhanam	CPO & Co-founder			https://www.chargebee.com/company
skrish@chargebee.com	Krish Subramanian	CEO & Co-founder			https://www.chargebee.com/company
srajaraman@chargebee.com	Rajaraman Santhanam	CPO & Co-founder			https://www.chargebee.com/company
subramanian.krish@chargebee.com	Krish Subramanian	CEO & Co-founder			https://www.chargebee.com/company
subramanian@chargebee.com	Krish Subramanian	CEO & Co-founder			https://www.chargebee.com/company
subramaniank@chargebee.com	Krish Subramanian	CEO & Co-founder			https://www.chargebee.com/company
subramaniankrish@chargebee.com	Krish Subramanian	CEO & Co-founder			https://www.chargebee.com/company

(people_fts not present; skipping search backend check)

=== v_emails_latest snapshot for domain: crestwellpartners.com ===
email	name	title	verify_status	icp_score	source_url
abrett@crestwellpartners.com	Brett Anderson				https://crestwellpartners.com/team
anderson.brett@crestwellpartners.com	Brett Anderson				https://crestwellpartners.com/team
anderson@crestwellpartners.com	Brett Anderson				https://crestwellpartners.com/team
andersonb@crestwellpartners.com	Brett Anderson				https://crestwellpartners.com/team
andersonbrett@crestwellpartners.com	Brett Anderson				https://crestwellpartners.com/team
b.anderson@crestwellpartners.com	Brett Anderson				https://crestwellpartners.com/team
banderson@crestwellpartners.com	Brett Anderson				https://crestwellpartners.com/team
blazek.micah@crestwellpartners.com	Micah Blazek				https://crestwellpartners.com/team
blazek@crestwellpartners.com	Micah Blazek				https://crestwellpartners.com/team
blazekm@crestwellpartners.com	Micah Blazek				https://crestwellpartners.com/team
blazekmicah@crestwellpartners.com	Micah Blazek				https://crestwellpartners.com/team
bmicah@crestwellpartners.com	Micah Blazek				https://crestwellpartners.com/team
brett-anderson@crestwellpartners.com	Brett Anderson				https://crestwellpartners.com/team
brett.a@crestwellpartners.com	Brett Anderson				https://crestwellpartners.com/team
brett.anderson@crestwellpartners.com	Brett Anderson				https://crestwellpartners.com/team
brett@crestwellpartners.com	Brett Anderson				https://crestwellpartners.com/team
brett_anderson@crestwellpartners.com	Brett Anderson				https://crestwellpartners.com/team
bretta@crestwellpartners.com	Brett Anderson				https://crestwellpartners.com/team
brettanderson@crestwellpartners.com	Brett Anderson				https://crestwellpartners.com/team
hinrichs.zachery@crestwellpartners.com	Zachery Hinrichs				https://crestwellpartners.com/team
hinrichs@crestwellpartners.com	Zachery Hinrichs				https://crestwellpartners.com/team
hinrichsz@crestwellpartners.com	Zachery Hinrichs				https://crestwellpartners.com/team
hinrichszachery@crestwellpartners.com	Zachery Hinrichs				https://crestwellpartners.com/team
hzachery@crestwellpartners.com	Zachery Hinrichs				https://crestwellpartners.com/team
m.blazek@crestwellpartners.com	Micah Blazek				https://crestwellpartners.com/team
mblazek@crestwellpartners.com	Micah Blazek				https://crestwellpartners.com/team
micah-blazek@crestwellpartners.com	Micah Blazek				https://crestwellpartners.com/team
micah.b@crestwellpartners.com	Micah Blazek				https://crestwellpartners.com/team
micah.blazek@crestwellpartners.com	Micah Blazek				https://crestwellpartners.com/team
micah@crestwellpartners.com	Micah Blazek				https://crestwellpartners.com/team
micah_blazek@crestwellpartners.com	Micah Blazek				https://crestwellpartners.com/team
micahb@crestwellpartners.com	Micah Blazek				https://crestwellpartners.com/team
micahblazek@crestwellpartners.com	Micah Blazek				https://crestwellpartners.com/team
reddinger.sam@crestwellpartners.com	Sam Reddinger				https://crestwellpartners.com/team
reddinger@crestwellpartners.com	Sam Reddinger				https://crestwellpartners.com/team
reddingers@crestwellpartners.com	Sam Reddinger				https://crestwellpartners.com/team
reddingersam@crestwellpartners.com	Sam Reddinger				https://crestwellpartners.com/team
rsam@crestwellpartners.com	Sam Reddinger				https://crestwellpartners.com/team
s.reddinger@crestwellpartners.com	Sam Reddinger				https://crestwellpartners.com/team
sam-reddinger@crestwellpartners.com	Sam Reddinger				https://crestwellpartners.com/team
sam.r@crestwellpartners.com	Sam Reddinger				https://crestwellpartners.com/team
sam.reddinger@crestwellpartners.com	Sam Reddinger				https://crestwellpartners.com/team
sam@crestwellpartners.com	Sam Reddinger				https://crestwellpartners.com/team
sam_reddinger@crestwellpartners.com	Sam Reddinger				https://crestwellpartners.com/team
samr@crestwellpartners.com	Sam Reddinger				https://crestwellpartners.com/team
samreddinger@crestwellpartners.com	Sam Reddinger				https://crestwellpartners.com/team
sreddinger@crestwellpartners.com	Sam Reddinger				https://crestwellpartners.com/team
z.hinrichs@crestwellpartners.com	Zachery Hinrichs				https://crestwellpartners.com/team
zachery-hinrichs@crestwellpartners.com	Zachery Hinrichs				https://crestwellpartners.com/team
zachery.h@crestwellpartners.com	Zachery Hinrichs				https://crestwellpartners.com/team
zachery.hinrichs@crestwellpartners.com	Zachery Hinrichs				https://crestwellpartners.com/team
zachery@crestwellpartners.com	Zachery Hinrichs				https://crestwellpartners.com/team
zachery_hinrichs@crestwellpartners.com	Zachery Hinrichs				https://crestwellpartners.com/team
zacheryh@crestwellpartners.com	Zachery Hinrichs				https://crestwellpartners.com/team
zacheryhinrichs@crestwellpartners.com	Zachery Hinrichs				https://crestwellpartners.com/team
zhinrichs@crestwellpartners.com	Zachery Hinrichs				https://crestwellpartners.com/team

(people_fts not present; skipping search backend check)
